<?xml version="1.0"?>
<config>
	<tabs>
		<ves translate="label" module="productlist">
			<label>Venus Theme</label>
			<sort_order>211</sort_order>
		</ves>
	</tabs>
	<sections>
		<ajax module="productlist" translate="label">
			<label>Ves Ajax</label>
			<tab>ves</tab>
			<frontend_type>text</frontend_type>
			<sort_order>10</sort_order>
			<show_in_default>1</show_in_default>
			<show_in_website>1</show_in_website>
			<show_in_store>1</show_in_store>
			<groups>
				<general_setting translate="label">
					<label>General Settings</label>
					<frontend_type>text</frontend_type>
					<sort_order>1000</sort_order>
					<show_in_default>1</show_in_default>
					<show_in_website>1</show_in_website>
					<show_in_store>1</show_in_store>
					<fields>
						<heading_outer translate="label">
							<frontend_model>adminhtml/system_config_form_field_heading</frontend_model>
							<sort_order>0</sort_order>
							<show_in_default>1</show_in_default>
							<show_in_website>1</show_in_website>
							<show_in_store>1</show_in_store>
						</heading_outer>
						<enable_ajaxcart translate="label" module="core">
							<label>Enable Ajax Cart</label>
							<frontend_type>select</frontend_type>
							<source_model>adminhtml/system_config_source_yesno</source_model>
							<sort_order>10</sort_order>
							<show_in_default>1</show_in_default>
							<show_in_website>1</show_in_website>
							<show_in_store>1</show_in_store>
						</enable_ajaxcart>
						<show_addtocart translate="label" module="core">
							<label>Add To Cart</label>
							<frontend_type>select</frontend_type>
							<source_model>ajax/system_config_source_layout_element_displayonhover</source_model>
							<sort_order>20</sort_order>
							<show_in_default>1</show_in_default>
							<show_in_website>1</show_in_website>
							<show_in_store>1</show_in_store>
						</show_addtocart>
						<show_quickview translate="label" module="core">
							<label>Quick View</label>
							<frontend_type>select</frontend_type>
							<source_model>ajax/system_config_source_layout_element_displayonhover</source_model>
							<sort_order>30</sort_order>
							<show_in_default>1</show_in_default>
							<show_in_website>1</show_in_website>
							<show_in_store>1</show_in_store>
						</show_quickview>
						<popup_quickview_width translate="label">
							<label>Popup Quick View Width</label>
							<frontend_type>text</frontend_type>
							<sort_order>30</sort_order>
							<show_in_default>1</show_in_default>
							<show_in_website>1</show_in_website>
							<show_in_store>1</show_in_store>
							<comment><![CDATA[Unit: pixels<br/>Default is 60%]]></comment>
							<depends>
								<show_quickview separator=",">1,2</show_quickview>
							</depends>
						</popup_quickview_width>
						<popup_quickview_height translate="label">
							<label>Popup Quick View Height</label>
							<frontend_type>text</frontend_type>
							<sort_order>40</sort_order>
							<show_in_default>1</show_in_default>
							<show_in_website>1</show_in_website>
							<show_in_store>1</show_in_store>
							<comment><![CDATA[Unit: pixels<br/>Default is 80%]]></comment>
							<depends>
								<show_quickview separator=",">1,2</show_quickview>
							</depends>
						</popup_quickview_height>
					</fields>
				</general_setting>
			</groups>
		</ajax>
	</sections>
</config>